temperature,pressure,wind_speed,wind_direction,Power generated by system | (kW)
10.926,0.979103,9.014,229,33688.1
9.919,0.979566,9.428,232,37261.9
8.567,0.979937,8.7,236,30502.9
7.877,0.980053,8.481,247,28419.2
7.259,0.979867,8.383,256,27370.3
6.57,0.979884,8.256,261,25805.9
5.897,0.980318,6.476,265,11546.8
5.109,0.980597,5.906,271,8360.76
4.413,0.980711,5.557,269,6426.64
3.754,0.980902,6.081,273,9349.45
3.169,0.981166,7.384,278,18613.6
2.637,0.981347,9.072,293,35381.1
1.948,0.981703,7.142,295,17331.5
2.296,0.982196,7.451,299,19872.3
4.042,0.982576,5.764,289,8190.46
5.504,0.982961,5.887,287,8731.8
6.217,0.983083,5.866,285,8578.77
6.74,0.983409,6.266,287,11030
7.25,0.983824,6.278,291,11088.4
7.579,0.984266,6.311,293,11220.2
7.612,0.984686,6.864,301,14693.1
7.139,0.985268,6.904,306,15064.7
5.44,0.986055,7.024,315,16247.5
4.506,0.986852,9.013,319,34740
3.621,0.987624,9.166,329,35393.6
2.707,0.988206,9.128,339,35278.4
2.043,0.988741,9.849,348,43582.8
1.268,0.988973,9.738,358,42341.5
0.357,0.989072,9.544,6,40346.7
-0.702,0.989481,9.712,14,42258.8
-0.28,0.989868,10.046,19,45569.9
-0.126,0.990032,9.75,21,41616.2
-0.215,0.990204,9.874,22,42978.3
-0.281,0.990265,9.755,25,41306.6
-0.478,0.990621,9.614,29,39903.5
-0.631,0.990962,9.616,34,40564.3
-0.747,0.991278,9.817,34,42862.8
0.001,0.991638,9.215,37,37064.6
2.156,0.991861,6.991,37,16051.8
3.901,0.991989,5.11,40,4926.84
5.578,0.991843,3.946,49,1303.4
7.039,0.991669,3.04,53,0
8.243,0.991462,2.38,52,0
9.203,0.991194,2.068,51,0
9.808,0.990899,1.886,47,0
9.349,0.990634,2.426,18,0
5.977,0.990709,3.412,24,0
4.652,0.990939,3.803,53,995.606
3.956,0.99108,4.11,71,1661.72
3.119,0.991185,4.612,105,3060.72
2.503,0.991121,6.282,123,11354.7
1.743,0.990967,6.774,129,14369.1
1.087,0.990807,7.591,126,21278.5
0.724,0.990834,8.96,130,34753.3
1.144,0.991063,10.019,132,45895.2
1.868,0.991178,8.921,138,34225.7
1.606,0.99126,8.569,140,30257.5
1.283,0.991386,8.345,142,28058.2
1.081,0.991667,7.838,141,23292.9
1.068,0.991865,8.433,138,29065.4
1.056,0.992048,8.896,136,34109.2
1.937,0.992169,8.901,134,34052.8
4.047,0.992188,7.182,129,17701.6
6.377,0.991966,5.034,125,4538.84
8.406,0.991383,4.62,128,3026.51
9.954,0.990889,4.318,137,2193.34
11.128,0.99037,3.949,145,1265.36
12.128,0.989766,4.602,162,2906.09
12.364,0.989237,4.91,165,3953.08
11.649,0.988795,4.899,163,3889.15
8.479,0.988598,5.525,163,6631.76
6.938,0.988555,6.97,149,15134
6.091,0.988491,6.66,166,13287.5
5.456,0.988371,6.307,170,11376.1
5.872,0.988303,7.583,147,20373
5.641,0.988076,9.487,153,37681.4
5.433,0.987649,9.275,155,35938
5.395,0.987472,8.153,152,24846.3
6.506,0.987403,6.892,146,14719.3
6.861,0.9872,6.166,144,10373.5
7.258,0.986888,6.368,138,11509.8
7.487,0.986579,6.201,130,10718.4
7.654,0.986389,6.378,128,11500
7.957,0.986043,6.445,133,11792.8
7.915,0.98563,6.624,143,12810
7.344,0.985335,6.379,143,11459.2
8.452,0.985032,5.887,143,8616.17
11.127,0.984393,4.332,138,2207.77
13.487,0.98354,4.25,141,1956.81
15.949,0.982735,6.576,150,11761.3
16.747,0.982202,6.853,161,13830.3
16.091,0.981877,5.745,166,7760.9
16.355,0.98104,5.425,157,5706.92
15.16,0.980077,7.678,142,20602.4
14.947,0.979534,8.307,136,26242.9
15.222,0.979209,8.574,144,28244.2
15.448,0.979178,9.42,156,35604.4
15.39,0.979083,9.474,163,36762.4
15.357,0.978637,8.546,158,27498.2
15.268,0.978039,8.725,155,28953.3
15.131,0.977431,8.508,151,26978.8
15.155,0.976866,9.454,148,36038
15.058,0.976353,9.97,149,41238.4
15.037,0.975986,10.262,153,44099.8
15.052,0.975404,8.961,149,31570.6
15.257,0.974728,8.6,142,28529.2
15.404,0.974009,9.067,139,33509.9
15.657,0.973727,8.593,154,27538.6
15.758,0.973239,9.845,156,39428.1
15.695,0.97332,9.735,163,39151.2
16.621,0.973417,9.84,170,40694.5
17.127,0.973212,9.518,180,37091.9
17.4,0.972966,9.515,194,36938.2
17.648,0.972669,8.274,192,25545.2
17.5,0.97279,7.343,226,17863.3
18.034,0.97284,6.881,225,14204.3
18.291,0.972971,8.224,227,24993.9
17.533,0.9733,8.768,221,30148.1
15.283,0.974008,8.179,235,24773.6
12.697,0.974688,7.68,253,20704.7
11.746,0.975226,8.602,259,28523.7
10.843,0.975844,8.189,261,24686.5
9.822,0.976413,5.936,261,8555.96
9.268,0.976694,4.315,246,2144.69
8.8,0.976789,3.774,227,917.818
8.042,0.977037,3.942,220,1270.04
8.405,0.97751,4.622,204,2868.84
8.405,0.977825,5.112,212,4613.59
7.816,0.978276,7.025,215,15645.9
9.442,0.978511,6.381,221,11364.3
9.367,0.979247,4.433,229,2474.38
9.881,0.979626,3.836,227,1044.75
10.318,0.980135,5.063,229,4559.81
10.265,0.980764,4.348,245,2234.44
10.733,0.981182,3.087,242,0
12.322,0.981459,1.583,244,0
14.064,0.981443,1.474,258,0
15.025,0.981546,1.779,262,0
15.853,0.981656,1.847,265,0
16.501,0.981655,2.246,274,0
16.723,0.981665,2.958,274,0
16.249,0.981846,3.421,282,0
13.548,0.98215,3.727,297,805.824
12.156,0.98258,3.77,316,907.874
11.195,0.982997,3.544,327,0
10.728,0.983331,2.833,341,0
10.489,0.983493,1.784,9,0
9.799,0.983447,1.749,38,0
8.674,0.98319,1.922,78,0
8.465,0.983197,2.782,97,0
8.956,0.983273,3.884,116,1146.01
9.323,0.983133,5.554,123,6807.54
9.788,0.982875,7.519,124,19901.1
9.598,0.982578,8.358,125,27183.5
9.725,0.982254,8.585,126,29237.2
10.565,0.981909,7.883,129,22727.5
11.031,0.981676,7.674,138,21020.6
11.367,0.981284,6.855,133,14449.3
11.717,0.980359,8.896,125,32317.2
12.269,0.980051,7.143,145,16397.3
12.658,0.979036,7.777,154,20858.9
12.699,0.978259,6.237,169,10679.6
14.072,0.977375,7.608,189,20290.7
15.572,0.976936,10.004,208,41215.1
13.548,0.977125,7.185,284,16729.1
12.217,0.977342,6.787,290,13772.3
12.002,0.977288,5.05,259,4369.96
12.018,0.977572,7.032,279,15261.7
11.698,0.978179,7.525,283,19533.4
10.921,0.978514,7.578,290,20219.7
10.41,0.979077,7.461,292,19370.3
9.964,0.979257,7.072,291,16231.6
9.822,0.979172,7.796,298,21960.7
9.241,0.979873,7.767,299,21772
6.983,0.98049,8.103,299,24967.4
6.003,0.981081,8.269,300,26663.1
7.095,0.981467,8.314,300,26989.9
5.879,0.981986,8.997,307,34144.2
4.373,0.982816,9.696,328,40125
2.853,0.983491,8.402,335,27329.4
1.533,0.984128,8.028,332,23954.4
1.336,0.984707,7.726,336,21496
2.306,0.985344,4.563,327,2851.72
3.444,0.985653,3.846,322,1093.89
4.572,0.9856,3.785,306,953.001
5.67,0.985519,4.145,297,1715.54
6.559,0.985351,4.536,292,2806.01
7.045,0.985326,4.673,278,3072.69
7.071,0.985327,5.258,271,5093.73
6.976,0.985278,5.426,267,5802.68
5.22,0.985329,7.192,263,16885.8
3.333,0.985374,6.53,263,12028.1
3.205,0.985556,8.366,253,27926
2.857,0.985817,9.923,249,44081.4
2.194,0.985928,9.996,248,45130.8
1.662,0.9859,9.903,251,43987.8
0.582,0.985642,9.966,256,44638.3
-0.066,0.985599,9.11,256,35963.2
-0.139,0.985659,8.33,253,27934
0.035,0.985442,8.364,250,28294.8
-0.035,0.98507,10.029,257,45410.6
0.054,0.984906,10.804,259,53269.7
0.059,0.985002,10.245,261,47325.3
0.228,0.985153,10.658,265,50776.9
0.447,0.98549,10.917,269,53111.8
0.906,0.986073,9.803,280,42131.4
3.258,0.986489,7.945,289,24004.6
4.69,0.986835,7.883,293,23359.2
5.979,0.986999,8.895,297,33233.2
6.858,0.987219,9.387,302,37551.5
7.37,0.987749,9.917,306,43307.3
7.506,0.988137,9.892,310,43070.2
7.287,0.988414,10.192,315,46645.2
6.594,0.988951,9.661,316,40668.7
4.875,0.989667,10.238,314,47510.7
3.479,0.990336,10.269,314,48060.7
2.554,0.990921,10.952,326,54385.4
1.635,0.991531,10.488,327,49811.1
0.42,0.991937,10.626,327,51597.8
-0.001,0.992084,10.876,335,53657.9
-0.752,0.992259,10.284,343,48691.8
-1.13,0.992679,9.356,349,38782.3
-1.692,0.993064,9.072,355,36480.2
-1.441,0.9933,10.081,1,47230.7
-1.287,0.993486,8.99,6,35591.6
-1.739,0.993815,7.948,12,24745
-2.062,0.994096,7.482,15,20653.8
-2.337,0.994362,5.865,26,8607.36
-2.542,0.994551,6.057,41,10186.4
-1.584,0.994714,5.26,48,5689.39
0.638,0.994927,2.938,49,0
2.401,0.994982,2.363,61,0
3.848,0.994668,1.972,49,0
5.199,0.994316,2.309,29,0
6.222,0.994023,1.839,44,0
6.898,0.993683,1.662,79,0
7.149,0.993363,1.962,99,0
6.561,0.993075,1.943,107,0
3.225,0.992929,2.977,129,0
1.744,0.99284,4.247,131,2048.2
0.715,0.992758,4.994,130,4483.4
0.176,0.992756,5.966,132,9449.86
0.25,0.992728,7.502,143,20542.1
0.357,0.992551,7.629,144,21481.7
0.672,0.992217,8.562,141,30259.9
0.471,0.992183,9.015,142,35295.3
0.452,0.99228,9.284,142,37651.8
0.661,0.992496,9.754,141,42619.2
0.322,0.992543,9.003,145,34850.7
0.357,0.992636,9.435,148,38438.5
0.307,0.992829,9.639,146,40792.1
0.35,0.992997,9.929,145,44311.7
0.412,0.993159,10.378,142,49593.6
1.326,0.993252,10.505,141,50949.4
3.938,0.993248,8.139,145,25574.3
6.338,0.993058,7.426,146,19237.7
8.103,0.992512,8.088,149,24322.3
9.477,0.991985,8.218,154,25178.2
10.661,0.991553,8.615,157,28890.6
11.418,0.991158,9.056,160,33740
11.715,0.990792,9.28,163,35956.2
11.096,0.990481,8.771,162,30955.6
9.165,0.990502,9.785,161,41034.6
8.618,0.990624,10.572,157,49050.2
8.039,0.990887,12.065,162,58311
7.775,0.991154,11.895,158,57927.7
7.881,0.991405,12.388,161,58551.5
8.286,0.991593,12.141,163,58409.9
9.374,0.991241,11.91,159,57670.9
9.745,0.991013,12.2,155,57987
9.913,0.991121,12.206,155,57964.2
9.936,0.991294,11.488,155,56073.3
9.784,0.991475,11.377,155,55546.7
9.264,0.991627,10.965,153,52579.9
8.415,0.991932,10.701,154,50261.4
8.471,0.992124,11.557,154,56739.2
8.769,0.992182,12.018,152,57960.7
9.168,0.992385,10.802,151,51303.2
11.043,0.992429,9.021,155,32982.4
12.616,0.992314,7.192,153,16516.2
14.848,0.992025,6.281,159,10614.1
16.433,0.991642,6.357,163,11059.7
17.698,0.991266,6.53,168,11978.7
18.535,0.990928,6.799,173,13842
18.881,0.990514,7.443,179,18919.8
17.653,0.990283,7.229,165,17173.6
16.194,0.990298,8.249,157,24980.3
15.581,0.99028,9.124,157,33531.4
15.279,0.99027,9.758,161,39859.3
14.767,0.990399,10.007,162,42942.8
14.119,0.990371,10.477,164,48092.2
13.66,0.99024,10.951,163,52501.6
13.235,0.989959,10.744,163,50823.1
12.92,0.989886,10.103,161,44175.3
12.778,0.989871,10.043,161,43509.4
12.77,0.98992,10.261,164,46191.4
12.809,0.989887,9.919,165,42592.7
12.738,0.989703,9.529,165,38270.6
12.517,0.989801,9.455,169,37795
11.905,0.989844,9.226,175,35811.4
11.723,0.990027,9.096,174,34876
12.162,0.990091,8.349,177,27179.8
14.133,0.989998,7.403,182,18899.7
16.799,0.989769,6.09,184,9716.43
18.427,0.989271,7.066,190,15955.3
19.845,0.988823,7.702,196,20579.7
20.48,0.988427,7.49,198,18784.1
20.636,0.987917,7.296,194,17522.6
20.157,0.987518,7.272,189,17473.2
19.091,0.987345,7.116,187,16283.2
18.152,0.987348,6.677,180,12863
17.676,0.987561,7.365,178,18321
16.699,0.987634,7.922,179,22786
16.3,0.987653,7.703,175,21032.4
15.925,0.987696,7.485,176,19413.7
15.676,0.987542,7.638,174,20601.7
15.335,0.987279,8.281,172,26258.9
15.108,0.987452,8.316,180,26523.6
14.975,0.987402,8.178,175,25301
14.575,0.987408,8.293,178,26369.6
14.583,0.987379,8.55,187,28722.3
14.142,0.987375,7.927,187,23077.9
13.876,0.987588,7.045,182,15966.2
13.735,0.987664,7.249,185,17659.7
13.357,0.987642,6.567,180,12336.9
13.946,0.9876,7.026,176,15823.8
15.585,0.987604,5.989,180,9045.99
17.213,0.987382,4.527,178,2685.75
18.686,0.986918,5.273,184,5315.37
19.93,0.986583,6.778,193,13488
20.477,0.986146,6.546,192,11901.7
20.661,0.985643,6.947,192,14806.3
20.464,0.985195,6.578,191,12115.2
19.576,0.984908,7.165,184,16576.1
18.007,0.984948,7.815,183,21705.6
17.207,0.984844,7.552,178,19769.5
15.922,0.984695,8.107,177,24452.9
15.372,0.984468,8.868,178,31879.7
13.957,0.984116,9.923,176,42436
13.734,0.983667,10.766,172,51016.1
13.86,0.983168,11.189,172,54116.9
14.77,0.982795,10.989,177,52465.5
14.86,0.982747,10.167,184,44953.5
14.5,0.982692,9.88,186,41815.2
14.408,0.982476,9.807,186,40967.4
14.094,0.98234,8.896,185,32293.9
13.706,0.982272,7.95,186,23188.1
13.676,0.982293,6.576,186,12349.2
13.844,0.982659,7.086,199,15805.3
13.901,0.98277,8.155,199,24454.8
14.252,0.982944,6.79,200,13386.3
14.965,0.9833,6.339,219,11007.9
16.101,0.982988,5.886,224,8444.71
16.963,0.982961,7.553,239,19654.2
16.692,0.9829,6.246,249,10577.7
15.708,0.983299,7.332,301,18009.9
14.178,0.983336,4.839,304,3645.3
13.381,0.983378,5.183,302,4991.11
12.572,0.983586,4.007,297,1382.54
12.186,0.983851,3.197,285,0
11.829,0.984065,4.385,283,2312.99
11.323,0.984501,6.492,296,11861.6
8.966,0.98538,8.904,319,32953.6
7.569,0.985924,7.39,320,19093.2
6.121,0.986247,8.375,333,26802.8
4.975,0.986936,8.608,325,29749
4.534,0.98728,7.768,328,21816
4.078,0.98792,7.752,333,21496.8
3.589,0.9885,7.89,337,22780.3
2.585,0.989121,7.973,339,23750.6
1.531,0.98979,8.438,341,28501
0.896,0.990404,8.327,337,27127.2
0.181,0.99098,8.28,343,27383.9
-0.147,0.991618,7.306,341,18661.7
-0.167,0.992214,7.63,340,21297.5
0.508,0.992628,7.806,344,22987.8
0.858,0.992739,7.779,343,22655.5
1.336,0.992895,8.152,346,26324.5
1.798,0.993279,8.034,344,24984.7
2.152,0.993523,8.151,346,26253.2
2.249,0.993823,8.272,347,27504.6
1.948,0.9941,8.984,349,35138.5
1.198,0.995064,8.277,355,27757.7
0.738,0.995812,9.549,356,40584.7
0.27,0.996582,9.887,0,44611.3
-0.347,0.996897,10.256,6,48996.8
-0.932,0.997449,10.031,10,46852.9
-1.522,0.997526,10.117,14,47768.8
-2.202,0.997596,8.843,18,33489.9
-2.393,0.997567,7.932,21,23967.3
-2.319,0.997777,8.11,22,25573.3
-2.303,0.997995,8.515,27,29261.2
-2.371,0.998009,7.577,29,20819.1
-2.289,0.998009,7.354,31,19049
-2.217,0.998155,6.938,32,15563.8
-2.45,0.99838,6.396,33,11950.2
-2.886,0.998407,7.039,33,16553.2
-2.123,0.998456,6.62,37,13414.5
-0.601,0.998478,5.787,42,8595.28
0.884,0.998215,5.322,58,5890.28
2.453,0.997655,5.042,71,4684.11
4.104,0.997126,4.601,87,2855.23
5,0.99661,3.985,94,1294.85
5.766,0.996259,3.967,104,1348.11
6.19,0.995907,3.839,104,1075.47
6.217,0.995595,3.488,108,0
4.992,0.995334,3.955,116,1327.78
4.389,0.995218,4.309,121,2194.58
3.855,0.995148,5.771,124,8312.34
4.283,0.994977,8.366,126,28127.7
4.397,0.994676,7.69,125,21873.3
3.823,0.994298,7.49,131,20381.6
3.552,0.9938,7.792,134,22827.9
3.604,0.993442,8.509,139,29518.5
2.745,0.993349,8.501,139,29533.9
2.354,0.993215,8.147,138,26230.9
2.348,0.993002,7.242,141,18301.3
3.558,0.992856,6.233,142,11073.6
3.818,0.992836,5.95,144,9118.12
3.846,0.992708,5.403,147,6016.31
3.812,0.992498,5.417,151,5972.36
3.779,0.992304,5.073,154,4522.48
3.867,0.992188,4.927,155,3960.87
4.094,0.992033,4.88,161,3899.2
4.37,0.9915,4.184,159,1780.79
4.869,0.990975,4.249,159,1956.14
5.442,0.990606,3.659,165,699.61
6.157,0.990024,3.657,173,695.879
6.852,0.989337,2.342,183,0
7.392,0.988769,1.573,200,0
6.899,0.988557,0.777,212,0
6.694,0.988636,0.941,257,0
6.476,0.988549,2.619,292,0
6.49,0.988775,4.769,294,3541.97
6.424,0.988788,7.007,299,16014
5.971,0.989082,8.207,295,26342
5.659,0.989113,6.084,290,10019.3
5.335,0.989309,6.368,297,11596
4.298,0.989756,7.106,306,16983.5
3.22,0.990079,6.072,297,10020.4
2.602,0.990257,6.771,303,14262
2.281,0.990426,6.599,320,13065.8
1.148,0.990792,7.688,333,21284.6
0.06,0.991164,7.02,344,16450.9
-0.433,0.991633,8.339,347,28353.8
-0.805,0.991999,7.718,351,22596
0.081,0.992327,6.74,351,14312.2
1.459,0.992344,6.157,346,10721.1
2.925,0.991932,6.209,348,11059
4.258,0.991596,6.386,349,11794.6
5.262,0.991428,6.205,349,10949.9
5.877,0.991219,6.186,349,10807.6
6.17,0.990946,6.269,348,11203.9
5.886,0.990722,6.352,347,11548.1
4.061,0.990731,6.921,347,15530.8
2.603,0.990961,7.898,352,23882.2
1.239,0.991192,7.735,358,22486.1
0.738,0.991435,8.215,3,27056.3
0.912,0.991502,7.959,7,24589.1
1.781,0.991533,6.137,3,10592.5
1.705,0.991347,5.231,355,5497.25
1.598,0.991372,5.583,356,7307.25
1.48,0.991494,6.028,357,9833.71
1.431,0.991624,6.087,359,10246.6
1.399,0.991537,6.294,1,11496.4
1.3,0.991385,5.913,5,9124.46
1.178,0.991418,5.978,12,9507.47
1.076,0.991329,6.12,19,10195.5
0.951,0.991311,5.605,29,7008.55
1.228,0.991295,5.265,34,5503.09
2.406,0.991323,3.846,36,1093.45
3.87,0.991118,3.864,40,1141.54
5.265,0.990661,4.251,43,2039.73
6.302,0.990275,3.923,47,1253.33
7.123,0.989802,3.91,42,1225.64
7.647,0.989375,3.583,40,0
7.859,0.988902,3.376,47,0
7.758,0.988278,3.578,51,0
7.352,0.987915,3.843,49,1074.15
7.042,0.987584,4.88,52,3900
6.841,0.987192,6.003,65,9388.49
6.466,0.986742,5.886,82,8462.02
6.649,0.986381,6.979,102,15494.8
6.536,0.986094,6.613,113,12918.4
6.296,0.98543,6.653,117,13175.2
5.978,0.98495,7.353,117,18875
6.067,0.984604,8.067,120,24804
6.327,0.983737,9.606,124,39720.6
6.484,0.983187,10.214,131,46665.8
6.183,0.983037,8.906,139,33224.7
5.358,0.983024,7.801,139,22473.5
5.189,0.982841,7.861,134,23055.3
5.18,0.982719,8.855,136,32836.6
4.944,0.982122,10.717,136,52035.6
5.017,0.98168,10.321,139,47802.2
5.07,0.982368,4.621,155,2913.5
5.068,0.98172,5.388,148,5832.56
5.494,0.980647,7.539,140,20348.1
6.023,0.980701,5.673,147,7395.8
6.561,0.979898,6.568,138,12540.5
7.137,0.979263,7.738,144,21503.6
7.668,0.978628,8.101,155,23961.8
7.842,0.97865,6.881,164,14662.1
8.157,0.978514,7.698,163,21125.8
7.867,0.978533,6.361,162,11225.2
7.935,0.978755,5.45,169,6264.26
7.994,0.979094,3.478,185,0
8.056,0.979211,2.016,229,0
8.129,0.979144,2.727,257,0
8.121,0.979071,3.364,288,0
8.041,0.979564,5.709,304,7748.7
7.959,0.979917,4.405,301,2398.06
7.627,0.980281,5.135,304,4880.04
6.574,0.980595,6.233,317,10891.5
5.274,0.980912,6.132,334,9749.84
5.723,0.981043,5.006,330,4203.61
5.58,0.981302,5.781,335,7850.5
5.133,0.981735,5.005,344,4391.56
4.91,0.982141,6.024,331,9146.53
5.26,0.982126,5.724,320,7958.12
5.094,0.982366,4.366,317,2346.8
4.626,0.98251,3.952,302,1299.2
4.485,0.982739,4.595,301,2967.05
4.13,0.982906,4.928,307,4097.02
3.824,0.982668,5.05,304,4603.14
3.465,0.982702,5.441,296,6289.07
3.115,0.982764,4.869,309,3905.59
2.902,0.983153,5.195,305,5232.08
2.552,0.983263,5.144,312,5054.18
2.284,0.983586,4.365,315,2369.29
1.788,0.983915,3.102,318,0
0.92,0.984046,2.512,312,0
-0.587,0.983845,4.144,317,1765.06
-0.691,0.983911,5.186,317,5309.2
-0.981,0.984168,5.422,325,6214.1
-1.001,0.98428,5.489,342,6560.99
-0.708,0.984216,6.228,356,11211.9
-0.76,0.984175,5.98,360,9493.19
-0.882,0.984428,5.483,2,6672.75
-0.921,0.984722,4.973,3,4398.91
-0.961,0.984964,4.837,3,3875.26
-0.58,0.985154,4.282,2,2152.42
0.836,0.985293,2.926,359,0
2.281,0.985221,3.235,352,0
3.2,0.984838,2.572,342,0
4.241,0.984404,2.382,322,0
5.129,0.984092,2.385,301,0
5.823,0.983724,2.648,285,0
6.086,0.9834,3.115,261,0
5.653,0.983271,3.623,256,502.238
4.769,0.983339,4.47,266,2460.45
3.873,0.983383,4.28,277,1995.27
3.458,0.983492,4.516,272,2582.02
3.157,0.983662,5.826,281,8373.02
2.773,0.983784,6.654,288,13322.5
2.281,0.983813,6.976,286,15869.2
1.92,0.983493,6.619,285,13046
1.644,0.98334,6.85,290,14918.7
1.243,0.983435,6.778,306,14298.5
0.811,0.983581,5.993,318,9524.24
0.435,0.983591,5.325,313,5868.05
0.136,0.983654,5.17,313,5215.36
-0.032,0.98395,4.697,312,3358.53
-0.157,0.984102,3.652,306,684.646
-0.304,0.984235,2.795,311,0
0.239,0.984528,1.312,300,0
1.484,0.984802,0.669,262,0
3.075,0.985017,1.255,267,0
4.715,0.9849,1.665,271,0
6.241,0.984837,1.732,267,0
7.51,0.984767,2.132,274,0
8.306,0.984607,2.649,282,0
8.865,0.984403,3.065,282,0
8.929,0.984179,3.64,279,619.554
7.883,0.984165,5.108,276,4539.13
7.039,0.984217,6.336,297,11332.7
6.617,0.984368,8.154,332,24669.2
6.068,0.984735,8.009,339,23674.2
5.186,0.984998,8.013,346,24424.1
4.188,0.985096,7.751,351,22297.1
2.775,0.98488,8.493,360,29255.8
1.532,0.984817,8.384,4,28407.1
0.769,0.98498,8.13,4,26045.7
0.342,0.985151,8.097,5,25786.9
-0.519,0.985224,7.44,4,20147
-1.065,0.985279,6.959,5,16099.2
-1.139,0.985568,6.896,5,15570.7
-1.294,0.985714,6.875,5,15402.6
-1.804,0.985996,7,4,16488.5
-0.569,0.986329,6.152,2,10730.1
2.231,0.986768,4.469,357,2666.99
4.161,0.98703,5.606,354,7368.73
5.076,0.986994,6.474,347,12080.8
5.7,0.987015,6.873,339,14451.7
6.276,0.986988,7.322,333,17865.1
6.672,0.986988,7.756,334,21310.8
6.584,0.987033,7.679,338,20906.7
5.973,0.987088,7.643,341,20904.3
4.125,0.987415,8.054,345,24898
1.93,0.987741,8.779,354,32614.3
0.958,0.988114,9.962,358,45096.8
-0.687,0.98854,9.364,5,38602.1
-1.394,0.988896,8.127,7,26368
-1.999,0.988997,7.751,18,22459.3
-2.38,0.989021,6.603,29,12735.8
-2.556,0.989157,6.479,33,12227.6
-2.481,0.98925,6.54,32,12498.7
-2.699,0.989353,5.334,38,5969.98
-2.958,0.989127,5.29,33,5651.92
-3.156,0.988822,4.938,22,4129.45
-3.314,0.988935,2.798,45,0
-3.404,0.988771,2.18,48,0
-3.641,0.988676,1.292,100,0
-2.827,0.98854,1.308,146,0
-0.958,0.988438,0.936,174,0
1.1,0.988077,1.073,193,0
2.99,0.987414,1.35,206,0
4.75,0.986798,1.51,209,0
6.324,0.986199,1.802,215,0
7.596,0.985715,2.472,218,0
8.344,0.985089,2.904,222,0
8.26,0.984451,3.464,214,0
4.901,0.984034,4.323,209,2102.66
2.764,0.983866,6.844,209,14130.6
1.473,0.983695,7.79,208,21891
0.873,0.983546,8.119,210,24899.1
0.306,0.983366,7.764,215,22247.1
-0.106,0.98318,8.194,218,26481.1
-0.327,0.982775,8.724,218,31767.2
-0.399,0.982624,8.465,218,29068.3
-0.303,0.982485,8.71,217,31504.8
-0.203,0.9825,8.847,220,33275
-0.498,0.982358,9.137,220,36350.1
-0.741,0.982135,9.125,221,36293.1
-0.83,0.982029,7.883,222,23713.5
-0.832,0.981902,7.484,220,20384.5
-1.035,0.981669,7.451,222,20152.5
1.118,0.981471,6.806,221,14547.4
4.026,0.981208,4.233,219,1969.69
6.256,0.980753,2.701,214,0
8.665,0.979768,3.206,219,0
10.742,0.979209,4.286,224,2072.51
12.157,0.978696,5.156,235,4876.56
12.914,0.978272,6.055,234,9424.15
13.181,0.97779,6.233,236,10555.4
12.011,0.977495,6.269,234,10769.5
10.319,0.977632,7.424,238,18979.1
9.309,0.977843,8.373,244,27237.9
8.624,0.977803,7.4,246,18953.6
8.391,0.9779,7.888,247,22869.9
7.862,0.977909,7.786,255,21879.3
7.585,0.977694,7.454,296,19467.8
5.997,0.977712,8.605,352,29922.7
4.236,0.977955,9.714,347,41144.4
2.607,0.97837,8.588,358,30033.1
1.511,0.978691,9.253,357,36924.9
0.301,0.978879,10.16,353,47156.5
-0.865,0.97924,9.149,347,36443.4
-2.017,0.979912,7.991,342,24389.3
-2.784,0.980364,7.482,341,20121.3
-3.169,0.980586,6.841,332,14377.9
-3.01,0.981046,6.584,329,12642.8
-2.167,0.981399,7.269,328,18118.4
-1.241,0.981801,7.634,326,21260.5
-0.601,0.981858,8.252,316,27279.8
-0.236,0.982007,8.629,312,30883.5
0.358,0.981967,8.805,304,32689
0.591,0.982064,9.935,300,44346.8
0.267,0.982451,11.144,300,56257.9
-0.767,0.983164,11.175,305,56736.9
-1.915,0.983954,9.44,307,39188
-3.123,0.984719,11.334,307,58369.7
-4.082,0.985441,9.428,309,39483.8
-4.619,0.985918,9.626,318,41796.2
-5.042,0.986477,8.025,323,25332.5
-5.396,0.986872,6.956,323,16138.1
-5.769,0.986927,6.761,337,14083.2
-6.125,0.987295,6.35,338,11727.8
-6.408,0.98778,5.478,345,6769.95
-6.739,0.988168,4.593,351,3140.3
-7.042,0.988467,3.87,351,1203.79
-7.26,0.988609,2.712,356,0
-7.442,0.988915,1.891,1,0
-7.631,0.989219,0.813,341,0
-7.804,0.989489,0.778,248,0
-7.193,0.989708,1.169,222,0
-5.715,0.989938,1.827,195,0
-4.272,0.989751,2.44,200,0
-2.669,0.989079,2.927,206,0
-1.01,0.988384,3.431,215,0
0.425,0.987821,3.946,219,1325.69
1.677,0.987209,4.446,220,2608.45
2.495,0.986567,4.836,220,3826.92
2.599,0.986014,5.441,220,6337.98
-0.541,0.985662,6.296,215,11362.7
-2.437,0.985587,7.816,218,23178.7
-1.545,0.985689,8.693,223,31882
-1.643,0.985845,8.762,229,32636.3
-1.996,0.985891,8.674,232,31604.2
-2.412,0.985772,8.825,228,33470.3
-2.334,0.985378,8.895,225,34275.1
-2.496,0.985277,8.547,221,30299
-2.505,0.985241,8.692,223,31969.1
-2.501,0.985279,7.944,229,24490.4
-2.462,0.985165,7.219,236,18275.6
-3.119,0.98503,7.098,242,17300.5
-3.877,0.985112,6.893,248,15618.6
-4.232,0.985193,7.082,254,17171.6
-4.381,0.985397,7.588,266,20655.7
-2.053,0.985641,7.445,277,19466.3
0.37,0.98581,4.882,298,4000.34
1.578,0.985829,3.886,307,1179.52
3.006,0.985648,4.313,316,2222.11
3.954,0.985493,5.255,310,5494.56
4.267,0.985512,6.56,302,12598.9
4.164,0.985512,7.04,299,16366.9
4.029,0.985467,7.359,296,19078.8
3.268,0.985467,7.868,295,23298.6
1.202,0.985639,8.953,303,34363.2
-1.035,0.986267,10.741,316,53621.5
-2.623,0.987001,10.972,327,55246.7
-3.99,0.98767,10.623,336,51633.1
-5.067,0.988189,9.713,343,42568
-5.939,0.988512,9.72,351,43368.9
-6.668,0.988597,9.185,355,37932.8
-7.145,0.988811,8.518,359,30714.4
-7.717,0.989172,7.751,2,23334.1
-8.037,0.989377,6.653,4,14001.1
-8.237,0.989321,6.47,9,12727.9
-8.443,0.989263,5.47,13,6819.52
-8.626,0.989304,5.551,19,7124.73
-8.835,0.98916,4.898,18,4160.43
-9.06,0.989064,4.597,22,3049.66
-8.677,0.988974,4.428,31,2550.07
-7.622,0.988808,4.152,43,1842.88
-6.177,0.988291,3.56,42,0
-4.447,0.987519,2.565,61,0
-2.846,0.986844,2.27,92,0
-1.512,0.986131,1.726,113,0
-0.205,0.985292,1.356,131,0
0.69,0.984699,0.911,152,0
0.795,0.983998,0.566,144,0
-0.099,0.983758,0.357,20,0
-0.507,0.983513,1.296,26,0
-0.491,0.983211,1.254,54,0
-0.384,0.982703,2.227,98,0
-0.682,0.982016,4.135,111,1731.91
-0.08,0.981515,5.942,130,9194.48
0.167,0.980619,6.728,133,13983.2
0.27,0.980267,7.03,149,15871.9
-0.713,0.980103,6.243,163,11093.9
-1.214,0.979564,3.357,142,0
-0.546,0.978739,4.654,121,3180.38
0.097,0.978291,4.933,127,4157.03
0.675,0.977678,4.212,123,1910.85
0.474,0.977053,5.165,120,5119.35
0.531,0.976224,6.081,120,10019.2
0.63,0.975694,6.324,123,11431.9
0.88,0.975544,6.286,123,11259.3
1.404,0.975236,5.934,125,9020.14
1.732,0.974701,5.363,127,5913.53
2.24,0.974084,3.761,120,899.747
2.674,0.973572,2.707,113,0
2.973,0.972798,2.636,100,0
3.133,0.972298,1.925,96,0
2.952,0.971709,2.292,78,0
2.224,0.971933,2.464,114,0
2.057,0.971658,1.967,87,0
2.148,0.97166,2.521,83,0
2.198,0.971481,2.25,48,0
2.035,0.971958,1.94,27,0
1.932,0.971971,2.555,20,0
1.919,0.971624,2.931,24,0
2.077,0.971704,4.19,0,1844.26
2.067,0.97181,4.23,1,1956.58
1.999,0.972102,4.69,349,3289.73
1.824,0.972398,4.81,334,3499.32
1.173,0.972673,5.363,328,5757.33
1.241,0.973075,4.872,330,3750.75
1.064,0.973398,4.745,329,3335.45
0.713,0.973748,4.981,333,4122.96
0.532,0.974224,4.735,330,3293.18
0.977,0.974814,4.699,325,3262.3
1.464,0.975305,4.86,313,3885.24
2.321,0.975538,5.573,307,7048.62
2.952,0.97592,5.962,302,9132.8
3.403,0.976361,6.386,297,11599.6
3.378,0.977046,6.051,299,9720.26
3.459,0.977444,6.255,278,10692.2
3.938,0.977781,7.569,298,20630.1
2.51,0.978444,7.753,299,22155.8
0.678,0.979452,9.679,305,41186.4
-1.393,0.980507,9.157,309,36561.7
-2.54,0.9813,8.352,303,28302.1
-2.818,0.982049,10.077,318,46887.5
-2.644,0.982537,9.839,323,43520.2
-3.103,0.982735,8.788,320,32992.1
-3.757,0.983156,7.569,312,21380.8
-4.121,0.983897,5.99,295,9655.08
-4.339,0.984466,7.199,292,18286
-4.87,0.985052,6.739,295,14371.5
-5.184,0.985534,6.416,302,12199.1
-5.48,0.986159,5.41,299,6351.04
-5.83,0.986619,4.984,291,4530.35
-6.222,0.9871,5.032,271,4395.33
-4.469,0.987652,4.75,254,3601.47
-2.32,0.988162,3.531,242,0
-0.252,0.988367,4.757,252,3582.47
1.348,0.988377,5.725,253,8098.65
2.524,0.988116,6.783,260,13989.1
3.51,0.987941,6.467,257,11989.1
4.251,0.987709,6.77,260,13802.7
4.482,0.987595,7.317,266,17816.6
4.043,0.987468,6.917,267,14517.5
0.235,0.987354,5.763,258,8212.68
-2.366,0.987741,7.163,255,17752.3
-3.01,0.988282,7.357,252,19566.8
-3.498,0.988687,7.073,249,17199.3
-4.11,0.988984,6.436,250,12297.7
-4.443,0.989246,5.354,248,6122.18
-4.651,0.98899,4.703,246,3446.71
-4.751,0.989002,4.714,247,3490.2
-4.791,0.989088,5.257,242,5688.63
-4.758,0.989097,5.493,236,6804.99
-4.806,0.989128,6.457,235,12410.9
-4.48,0.98906,6.559,234,13043.2
-4.281,0.989008,7.86,236,23891.7
-4.574,0.989203,7.784,243,23263.1
-4.858,0.989741,6.651,273,13036.4
-2.887,0.990207,6.803,284,14711.9
-0.697,0.990675,4.806,293,3777.25
0.538,0.991185,4.261,319,2103.61
1.296,0.991306,4.276,325,2097.33
2.23,0.991371,4.525,305,2819.04
3.202,0.991179,5.459,297,6439.6
3.816,0.991069,5.729,294,8100.82
4.17,0.990876,5.936,291,9112.03
3.514,0.990873,6.789,299,14381.6
0.098,0.991062,7.904,308,23994.4
-2.736,0.991355,8.696,313,32246.8
-3.365,0.991748,8.032,314,25618.9
-4.595,0.992237,8.203,313,27463.1
-5.179,0.992747,9.49,314,40694.3
-4.861,0.993086,8.907,321,34868.3
-4.948,0.993188,8.466,323,29837.7
-4.945,0.993356,8.294,324,28088.3
-4.974,0.993578,7.854,327,23538.3
-5.41,0.993767,7.02,328,16419.3
-6.196,0.993959,6.646,327,13517.5
-6.037,0.994342,8.138,343,26675.2
-5.524,0.994935,8.943,10,35678.2
-6.174,0.995323,8.513,17,30382
-6.643,0.995772,7.563,20,21293.9
-6.229,0.996258,6.679,21,13699.1
-5.132,0.996682,5.743,19,8296.55
-3.665,0.996794,5.562,14,7324.22
-2.26,0.996523,5.546,6,7223.54
-1.103,0.996312,5.172,358,5313.28
-0.095,0.995991,4.828,355,3881.95
0.599,0.995697,4.794,354,3752.11
0.89,0.995435,4.438,356,2616.42
0.692,0.995175,4.285,359,2172.13
-1.586,0.995145,4.562,358,2995.95
-3.746,0.995053,5.379,4,6268.91
-4.293,0.995174,5.855,24,8657.79
-4.415,0.995225,6.703,39,14170.1
-4.834,0.995188,6.672,48,14020
-5.133,0.995043,5.928,49,9418.12
-5.142,0.994718,5.538,50,7179.45
-5.309,0.994559,4.97,52,4471.01
-5.531,0.994461,4.503,52,2847.38
-5.65,0.994308,3.931,53,1319.69
-6.001,0.994124,3.554,63,0
-6.004,0.993898,3.074,79,0
-5.849,0.993786,3.252,108,0
-5.862,0.993603,4.045,129,1577.43
-5.581,0.993462,5.9,130,9274.25
-3.881,0.993173,5.869,138,9076.05
-1.522,0.992755,3.795,140,1016.61
1.084,0.992069,3.686,151,720.132
3.63,0.990933,4.284,169,2153.28
5.96,0.989715,4.987,186,4383.52
7.743,0.988612,6.16,197,10313.6
8.909,0.987602,7.043,202,15586.5
9.497,0.986771,7.784,205,21293.3
9.054,0.985997,7.526,202,19467.9
4.661,0.985514,8.841,201,31833.2
1.678,0.985183,11.461,206,57204.1
0.662,0.984915,12.663,208,59701.8
-0.318,0.984616,12.677,209,59898.1
-0.48,0.984364,12.738,213,59918.3
-0.448,0.984128,12.553,221,59896.9
-0.389,0.983811,12.728,227,59864.6
-0.427,0.983543,12.321,234,59856.7
-0.37,0.98336,11.619,238,58707.6
-0.226,0.983366,10.087,246,46534.9
0.282,0.983491,9.086,260,35185.4
0.516,0.983822,9.863,268,41779.5
1.157,0.984397,7.93,277,23125.9
1.618,0.984874,8.358,306,28038.9
2.159,0.985375,8.866,347,33390.2
1.199,0.986037,7.66,14,21713
1.553,0.986516,5.467,13,6534.23
2.81,0.986798,4.491,11,2736.89
4.162,0.986754,3.976,8,1377.1
5.461,0.986512,4.291,3,2135.28
6.421,0.986332,3.968,1,1340.3
7.156,0.986102,4.222,359,1927.15
7.515,0.985956,4.239,359,1971.69
7.282,0.985914,4.414,1,2460.7
5.545,0.986049,5.069,5,4713.13
3.29,0.98633,6.942,16,15509.4
2.118,0.986671,8.842,19,32469.9
1.102,0.986801,9.451,22,38117.8
0.216,0.986879,9.427,25,37836.9
-0.727,0.986827,9.458,28,38221.5
-1.089,0.986576,9.289,29,36878.4
-1.217,0.986685,8.658,25,30240.4
-0.204,0.986869,6.934,21,15238.3
-0.142,0.98717,6.014,16,9628
-0.286,0.987506,5.709,15,8054.14
-0.528,0.987795,6.1,15,10300
-0.883,0.988199,6.334,15,11679.4
-1.246,0.988518,6.226,17,11092.2
-2.311,0.98881,6.569,14,13041.8
-2.207,0.989171,6.268,14,11484.6
-1.206,0.989404,5.999,15,9628.25
0.359,0.989304,5.877,17,8827.42
1.943,0.988853,5.51,15,6764.05
3.327,0.988521,4.914,11,4122.78
4.525,0.988175,4.927,9,4156.65
5.34,0.987849,4.737,8,3464.07
5.756,0.987529,4.372,7,2371.8
5.572,0.987228,4.926,2,4111.18
4.109,0.987186,5.548,6,7004.06
1.735,0.987288,6.413,16,11865
0.711,0.987531,8.176,20,25842.8
-0.379,0.987686,9.01,23,34172.2
-0.898,0.987645,9.126,23,35435
-1.435,0.987603,8.494,26,28668.5
-1.87,0.987362,8.063,29,24657.6
-2.041,0.987259,8.019,30,24323.5
-2.18,0.987384,7.569,30,20573.6
-1.966,0.987597,6.559,27,12431.1
-1.726,0.987628,6.046,26,9491.89
-1.812,0.987537,5.988,25,9183.48
-1.961,0.987655,5.645,24,7313.29
-2.122,0.987478,5.651,22,7429.89
-2.289,0.987413,6.047,22,9614.74
-2.412,0.987584,5.717,20,7929.21
-2.497,0.987884,5.049,17,4701.85
-2.619,0.987903,4.742,17,3524.48
-2.335,0.987468,5.291,15,5780.73
-1.61,0.987348,4.82,8,3849.23
-0.533,0.987135,4.116,3,1696.94
0.259,0.986686,4.049,6,1551.36
0.997,0.986385,3.82,1,1049.65
1.427,0.98614,4.176,358,1837.6
0.046,0.986144,5.314,358,5843.45
-2.037,0.986374,5.915,357,9188.9
-2.944,0.986743,8.329,1,28401.2
-3.052,0.986962,9.337,7,38636.1
-3.354,0.987138,9.661,15,41877.5
-3.436,0.987221,9.229,13,37705
-3.674,0.987196,9.135,13,36996
-3.953,0.987406,9.18,11,37469.5
-4.276,0.987734,9.001,10,35920.3
-4.535,0.988033,8.781,10,33439.5
-4.761,0.988209,8.539,9,30712.8
-5.144,0.988433,8.038,11,25813.9
-5.472,0.98864,7.79,13,23430.4
-5.893,0.988785,7.126,15,17745.2
-6.078,0.988989,6.9,16,15733.6
-4.722,0.98925,6.174,17,10899.5
-3.042,0.989612,5.688,15,8029.63
-1.589,0.989699,5.629,10,7702.4
-0.254,0.989527,5.078,3,4859.54
1.007,0.989261,4.864,359,3957.43
2.078,0.988983,4.677,352,3297.49
2.747,0.98872,5.048,348,4695.12
3.077,0.988516,4.961,346,4302.12
2.907,0.988434,4.939,345,4198.94
0.242,0.988528,5.745,348,8299.72
-2.604,0.988518,6.097,1,10438
-3.51,0.988692,6.853,12,15374.1
-4.007,0.988906,7.719,24,21921.8
-3.569,0.988957,7.949,33,24125.1
-3.863,0.988963,7.39,35,19634.4
-4.162,0.98881,7.491,38,20745.3
-4.225,0.988899,7.147,40,17875.1
-4.449,0.989023,6.898,45,15795.8
-4.298,0.98904,6.832,45,15217.2
-4.304,0.989009,6.779,49,14721.9
-4.787,0.989189,5.924,54,9301.74
-5.087,0.989478,4.966,58,4417.98
-5.276,0.989669,3.747,67,915.999
-5.214,0.989812,2.555,69,0
-3.149,0.989965,2.091,70,0
-0.512,0.990126,1.17,81,0
1.323,0.990023,1.146,95,0
2.869,0.989533,1.06,108,0
4.35,0.989057,1.083,113,0
5.708,0.988568,1.236,110,0
6.773,0.988076,1.264,112,0
7.364,0.987655,1.15,129,0
7.554,0.987346,0.903,132,0
5.158,0.987196,0.983,132,0
2.25,0.987137,1.665,110,0
1.369,0.987167,2.186,116,0
0.603,0.98712,2.658,121,0
0.126,0.987034,3.552,132,0
0.057,0.986795,3.838,149,1045.35
-0.113,0.986329,3.954,151,1275.38
-0.14,0.986082,4.233,160,1951.88
-0.22,0.985966,5.133,164,5039.74
-0.327,0.985906,5.83,165,8662.28
-0.229,0.98572,6.159,172,10804.1
-0.264,0.985678,5.8,175,8561.76
-0.254,0.985777,4.952,177,4304.11
0.246,0.985777,4.7,168,3390.43
2.551,0.985729,4.815,165,3743.06
2.987,0.985799,4.21,174,1930.92
3.927,0.985672,4.347,167,2312.51
4.944,0.985327,5.319,158,5549.36
5.952,0.984811,4.719,164,3347.2
7.048,0.984151,4.402,162,2390.26
8.199,0.983555,5.177,163,5033.64
8.705,0.982786,4.754,171,3467.05
8.707,0.982086,3.559,164,0
9.087,0.981434,3.413,142,0
8.993,0.980849,5.003,141,4338.8
7.519,0.980391,5.228,149,5095.66
6.961,0.980114,7.67,157,20597.4
6.957,0.979766,9.534,163,38494.1
7.159,0.979372,9.559,161,38453.6
6.553,0.97873,10.189,167,46276.2
5.745,0.978042,9.856,164,42264.4
6.389,0.977267,10.301,157,46172.7
7.028,0.976682,10.745,157,50423.5
6.543,0.976111,11.903,159,57350.5
7.717,0.975678,11.038,163,53481.8
7.426,0.975439,7.705,161,21014.8
8.851,0.974645,8.031,149,23311.5
9.863,0.97387,9.393,143,36574.8
10.2,0.973446,9.276,152,34827.9
10.825,0.972397,9.14,148,33834.9
12.226,0.971599,9.877,167,41563.4
13.615,0.971007,12.716,180,56200.1
14.834,0.970326,9.35,178,35685.4
14.604,0.969726,8.277,173,25810.1
14.851,0.969258,8.581,177,28426.6
16.151,0.968874,9.815,189,40277.8
16.939,0.968291,8.763,193,30043.5
16.846,0.967746,7.997,194,22874.3
15.508,0.967243,6.865,181,14125.4
14.78,0.967172,7.196,222,16748.4
13.132,0.967235,5.439,282,5878.69
12.175,0.96757,8.633,291,29118.5
8.867,0.968949,11.161,306,53913.2
6.477,0.970034,9.606,313,39277.9
4.171,0.970968,10.555,314,50001.1
2.65,0.971969,10.577,318,50564.1
1.502,0.972974,9.734,318,41551.9
-1.175,0.974297,10.223,320,47617.5
-3.301,0.975289,10.416,328,49059
-4.241,0.976297,10.136,331,45937.3
-4.79,0.977422,9.342,334,37479.3
-5.377,0.9783,9.447,334,38496
-5.69,0.979235,9.108,338,35748.6
-5.476,0.980099,9.361,342,38444.6
-4.771,0.980756,8.445,342,29062
-3.883,0.981251,9.156,345,36872.8
-2.864,0.981255,9.356,345,38365.8
-1.75,0.981376,9.567,346,40456.7
-0.74,0.981506,9.269,348,37485.4
0.006,0.981529,9.343,349,38061
0.311,0.981483,9.628,350,41010.7
0.152,0.98163,9.377,354,38367.3
-0.815,0.981836,9.388,356,38583.4
-2.203,0.982176,9.303,354,38015.7
-2.903,0.982537,9.009,356,35590.6
-3.397,0.983006,7.694,3,22363.5
-3.877,0.983251,8.053,4,25678.2
-4.314,0.983302,8.498,6,30079.3
-4.701,0.983135,8.385,9,29076.4
-4.992,0.983206,8.12,9,26508.2
-5.317,0.983586,7.54,10,21349.3
-5.615,0.983927,7.689,9,22575.8
-5.888,0.984086,7.501,7,21082.8
-6.14,0.984284,7.495,8,21065.5
-6.271,0.98455,6.908,7,15972.1
-6.376,0.98481,6.722,6,14382.3
-6.401,0.985223,6.38,4,12142.3
-5.956,0.985585,6.846,5,15417.5
-5.089,0.985709,6.556,9,13129.2
-3.915,0.985707,5.825,8,8815.77
-2.661,0.985435,5.453,2,6535.09
-1.468,0.985189,5.699,356,8069.77
-0.444,0.98497,5.609,354,7496.66
0.276,0.98472,5.905,348,9061.99
0.595,0.984563,6.402,348,11928.2
0.406,0.984423,6.51,349,12520.3
-0.955,0.984562,6.488,348,12427.4
-3.118,0.984893,6.963,348,16246.4
-2.561,0.985241,7.751,357,22806.6
-3.592,0.985551,8.501,359,30044.1
-4.595,0.985867,9.354,360,38909.5
-5.119,0.985973,9.389,1,39345.7
-5.642,0.985994,8.577,0,31072.3
-6.104,0.986153,8.203,0,27467.7
-6.539,0.986472,7.601,0,21952.8
-6.9,0.986689,7.377,0,20093.4
-7.226,0.986802,7.15,359,18135.7
-7.514,0.986908,7.173,359,18358.8
-7.888,0.987122,6.783,357,14980.5
-8.289,0.987268,5.809,356,8873.32
-8.669,0.98743,5.366,350,6302.41
-8.445,0.987655,5.408,358,6455.35
-7.483,0.987699,4.355,351,2444.99
-6.097,0.987585,3.818,337,1021.82
-4.647,0.987189,3.642,328,557.042
-3.281,0.986743,3.216,318,0
-2.079,0.986239,3.054,305,0
-1.14,0.985668,2.951,292,0
-0.53,0.985138,2.814,280,0
-0.591,0.9846,3.759,252,923.389
-2.061,0.984122,3.557,254,0
-4.819,0.983687,2.237,265,0
-5.285,0.983488,1.746,228,0
-5.512,0.983096,2.467,188,0
-5.828,0.982599,4.229,182,2034.66
-5.968,0.982202,5.406,205,6052.68
-4.664,0.981515,6.516,214,12457.4
-2.859,0.981223,6.237,212,10895.1
-2.427,0.981111,6.433,212,11863.4
-2.171,0.980791,6.388,201,11655.6
-1.928,0.980367,6.679,200,13336.3
-2.722,0.979629,7.759,197,22462.7
-3.672,0.979337,8.678,199,31065.1
-3.785,0.978671,9.421,199,38529.3
-3.304,0.978278,9.084,206,34783.4
-1.709,0.977772,8.173,211,25576
0.466,0.977361,7.763,214,22008.4
2.282,0.976676,8.234,214,26079.3
3.886,0.975787,7.734,217,21702.3
5.46,0.975232,8.274,229,26653.1
6.4,0.974964,8.596,243,29491.1
6.035,0.975114,8.508,256,28471.1
6.026,0.975371,8.847,264,31019
5.535,0.975728,8.134,270,24060.4
3.26,0.976647,9.512,287,38892
